{
  "nav": {
    "home": "...",
    "about": "...",
    "services": "...",
    "prayer_times": "...",
    "events": "...",
    "contact": "...",
    "donate": "..."
  },
  "hero": {
    "welcome": "...",
    "mosque_name": "...",
    "subtitle": "...",
    "join_us": "..."
  },
  "about": {
    "title": "...",
    "description": "..."
  },
  "donations": {
    "title": "...",
    "subtitle": "...",
    "donation_info": "...",
    "iban_label": "...",
    "iban_number": "ES54 2100 5420 4213 0055 8142",
    "copy_iban": "...",
    "iban_copied": "...",
    "bank_transfer": "...",
    "thank_you": "..."
  }
}