{
  "version": 2,
  "name": "mezquita-alhuda",
  "builds": [
    {
      "src": "package.json",
      "use": "@vercel/static-build",
      "config": {
        "distDir": "dist"
      }
    }
  ],
  "routes": [
    {
      "src": "/(.*)",
      "dest": "/index.html"
    }
  ],
  "headers": [
    {
      "source": "/(.*)",
      "headers": [
        {
          "key": "Cache-Control",
          "value": "public, max-age=31536000, immutable"
        }
      ]
    },
    {
      "source": "/index.html",
      "headers": [
        {
          "key": "Cache-Control",
          "value": "public, max-age=0, must-revalidate"
        }
      ]
    }
  ],
  "rewrites": [
    {
      "source": "/(.*)",
      "destination": "/"
    }
  ],
  "functions": {
    "src/main.jsx": {
      "includeFiles": "src/**"
    }
  },
  "github": {
    "silent": true
  }
}